Precio,Nombre,Link,Categoria
100,"SILLA ERGOPLAX NEGRA",https://www.livingroom.com.bo/producto/silla-espera-ergoplax-negra-desm/,Sillas de Oficina
100,"SILLA ERGOPLAX GRIS",https://www.livingroom.com.bo/producto/silla-ergoplax-cinza-preto-estofado-gris/,Sillas de Oficina
110,"SILLA DE ESPERA CLEVER CROMADA",https://www.livingroom.com.bo/producto/silla-de-espera-clever/,Sillas de Oficina
120,"SILLA VESPER ESTÁTICA VINIL BASALTO",https://www.livingroom.com.bo/producto/silla-vesper-fija-vinil/,Sillas de Oficina
120,"SILLA VESPER FIJA BASALTO",https://www.livingroom.com.bo/producto/silla-vesper-fija/,Sillas de Oficina
130,"SILLA SECRETARIAL ERGOPLAX AMARILLA",https://www.livingroom.com.bo/producto/silla-secretarial-pm115/,Sillas de Oficina
130,"SILLA SECRETARIAL ERGOPLAX GRIS",https://www.livingroom.com.bo/producto/silla-secretarial-pm116/,Sillas de Oficina
150,"SILLA VESPER ESTÁTICA BLANCO",https://www.livingroom.com.bo/producto/silla-vesper-estatica-blanco/,Sillas de Oficina
155,"SILLA VESPER NEGRA",https://www.livingroom.com.bo/producto/silla-vesper-negra/,Sillas de Oficina
165,"SILLA QUICK MOSTARDA",https://www.livingroom.com.bo/producto/silla-quick-mostarda/,Sillas de Oficina
165,"SILLA QUICK BLANCA",https://www.livingroom.com.bo/producto/silla-quick-blanca/,Sillas de Oficina
165,"SILLA QUICK BASALTO",https://www.livingroom.com.bo/producto/silla-quick-basalto/,Sillas de Oficina
170,"SILLA DE OFICINA ONLY LIGTH",https://www.livingroom.com.bo/producto/silla-de-oficina-only-ligth/,Sillas de Oficina
180,"SILLA BRIZZA DE ESPERA AZUL",https://www.livingroom.com.bo/producto/silla-de-espera-pm119/,Sillas de Oficina
190,"SILLA DE OFICINA FACE ALTA",https://www.livingroom.com.bo/producto/silla-de-oficina-face-alta/,Sillas de Oficina
200,"SILLA DE OFICINA NOVA CROMA CORTA",https://www.livingroom.com.bo/producto/silla-de-oficina-nova-croma-corta/,Sillas de Oficina
